,Visitor,VisitorScore,Home,HomeScore,Date,GAMEID
0,76ers,87,Celtics,105,2018-10-16,0
1,Thunder,100,Warriors,108,2018-10-16,1
2,Bucks,113,Hornets,112,2018-10-17,2
3,Nets,100,Pistons,103,2018-10-17,3
4,Grizzlies,83,Pacers,111,2018-10-17,4
5,Heat,101,Magic,104,2018-10-17,5
6,Hawks,107,Knicks,126,2018-10-17,6
7,Cavaliers,104,Raptors,116,2018-10-17,7
8,Pelicans,131,Rockets,112,2018-10-17,8
9,Timberwolves,108,Spurs,112,2018-10-17,9
10,Jazz,123,Kings,117,2018-10-17,10
11,Nuggets,107,Clippers,98,2018-10-17,11
12,Mavericks,100,Suns,121,2018-10-17,12
13,Bulls,108,76ers,127,2018-10-18,13
14,Heat,113,Wizards,112,2018-10-18,14
15,Lakers,119,Trail Blazers,128,2018-10-18,15
16,Hornets,120,Magic,88,2018-10-19,16
17,Knicks,105,Nets,107,2018-10-19,17
18,Celtics,101,Raptors,113,2018-10-19,18
19,Hawks,117,Grizzlies,131,2018-10-19,19
20,Cavaliers,123,Timberwolves,131,2018-10-19,20
21,Kings,129,Pelicans,149,2018-10-19,21
22,Pacers,101,Bucks,118,2018-10-19,22
23,Warriors,124,Jazz,123,2018-10-19,23
24,Thunder,92,Clippers,108,2018-10-19,24
25,Nets,112,Pacers,132,2018-10-20,25
26,Raptors,117,Wizards,113,2018-10-20,26
27,Celtics,103,Knicks,101,2018-10-20,27
28,Magic,115,76ers,116,2018-10-20,28
29,Hornets,113,Heat,112,2018-10-20,29
30,Pistons,118,Bulls,116,2018-10-20,30
31,Timberwolves,136,Mavericks,140,2018-10-20,31
32,Suns,91,Nuggets,119,2018-10-20,32
33,Spurs,108,Trail Blazers,121,2018-10-20,33
34,Rockets,124,Lakers,115,2018-10-20,34
35,Hawks,133,Cavaliers,111,2018-10-21,35
36,Kings,131,Thunder,120,2018-10-21,36
37,Warriors,98,Nuggets,100,2018-10-21,37
38,Rockets,112,Clippers,115,2018-10-21,38
39,Magic,93,Celtics,90,2018-10-22,39
40,Hornets,106,Raptors,127,2018-10-22,40
41,Knicks,113,Bucks,124,2018-10-22,41
42,Pacers,91,Timberwolves,101,2018-10-22,42
43,Bulls,109,Mavericks,115,2018-10-22,43
44,Grizzlies,92,Jazz,84,2018-10-22,44
45,Wizards,125,Trail Blazers,124,2018-10-22,45
46,Suns,103,Warriors,123,2018-10-22,46
47,Spurs,143,Lakers,142,2018-10-22,47
48,76ers,132,Pistons,133,2018-10-23,48
49,Clippers,109,Pelicans,116,2018-10-23,49
50,Kings,112,Nuggets,126,2018-10-23,50
51,Mavericks,104,Hawks,111,2018-10-24,51
52,Nets,102,Cavaliers,86,2018-10-24,52
53,Knicks,87,Heat,110,2018-10-24,53
54,Timberwolves,105,Raptors,112,2018-10-24,54
55,Hornets,110,Bulls,112,2018-10-24,55
56,Jazz,100,Rockets,89,2018-10-24,56
57,Pacers,116,Spurs,96,2018-10-24,57
58,76ers,108,Bucks,123,2018-10-24,58
59,Lakers,131,Suns,113,2018-10-24,59
60,Grizzlies,92,Kings,97,2018-10-24,60
61,Wizards,122,Warriors,144,2018-10-24,61
62,Cavaliers,103,Pistons,110,2018-10-25,62
63,Trail Blazers,128,Magic,114,2018-10-25,63
64,Celtics,101,Thunder,95,2018-10-25,64
65,Nuggets,114,Lakers,121,2018-10-25,65
66,Bulls,106,Hornets,135,2018-10-26,66
67,Warriors,128,Knicks,100,2018-10-26,67
68,Mavericks,107,Raptors,116,2018-10-26,68
69,Clippers,133,Rockets,113,2018-10-26,69
70,Bucks,125,Timberwolves,95,2018-10-26,70
71,Nets,115,Pelicans,117,2018-10-26,71
72,Wizards,112,Kings,116,2018-10-26,72
73,Celtics,109,Pistons,89,2018-10-27,73
74,Jazz,132,Pelicans,111,2018-10-27,74
75,Bulls,97,Hawks,85,2018-10-27,75
76,Pacers,119,Cavaliers,107,2018-10-27,76
77,Hornets,103,76ers,105,2018-10-27,77
78,Trail Blazers,111,Heat,120,2018-10-27,78
79,Suns,96,Grizzlies,117,2018-10-27,79
80,Magic,91,Bucks,113,2018-10-27,80
81,Lakers,106,Spurs,110,2018-10-27,81
82,Warriors,120,Nets,114,2018-10-28,82
83,Jazz,113,Mavericks,104,2018-10-28,83
84,Suns,110,Thunder,117,2018-10-28,84
85,Wizards,104,Clippers,136,2018-10-28,85
86,Trail Blazers,103,Pacers,93,2018-10-29,86
87,Hawks,92,76ers,113,2018-10-29,87
88,Kings,123,Heat,113,2018-10-29,88
89,Nets,96,Knicks,115,2018-10-29,89
90,Warriors,149,Bulls,124,2018-10-29,90
91,Raptors,109,Bucks,124,2018-10-29,91
92,Lakers,120,Timberwolves,124,2018-10-29,92
93,Mavericks,108,Spurs,113,2018-10-29,93
94,Pelicans,111,Nuggets,116,2018-10-29,94
95,Heat,113,Hornets,125,2018-10-30,95
96,Hawks,114,Cavaliers,136,2018-10-30,96
97,Kings,107,Magic,99,2018-10-30,97
98,Pistons,105,Celtics,108,2018-10-30,98
99,76ers,112,Raptors,129,2018-10-30,99
100,Trail Blazers,104,Rockets,85,2018-10-30,100
101,Wizards,95,Grizzlies,107,2018-10-30,101
102,Clippers,110,Thunder,128,2018-10-30,102
103,Pistons,119,Nets,120,2018-10-31,103
104,Pacers,107,Knicks,101,2018-10-31,104
105,Nuggets,108,Bulls,107,2018-10-31,105
106,Jazz,125,Timberwolves,128,2018-10-31,106
107,Pelicans,121,Warriors,131,2018-10-31,107
108,Mavericks,113,Lakers,114,2018-10-31,108
109,Spurs,120,Suns,90,2018-10-31,109
110,Thunder,111,Hornets,107,2018-11-01,110
111,Nuggets,110,Cavaliers,91,2018-11-01,111
112,Clippers,113,76ers,122,2018-11-01,112
113,Kings,146,Hawks,115,2018-11-01,113
114,Bucks,113,Celtics,117,2018-11-01,114
115,Pelicans,119,Trail Blazers,132,2018-11-01,115
116,Clippers,120,Magic,95,2018-11-02,116
117,Rockets,119,Nets,111,2018-11-02,117
118,Thunder,134,Wizards,111,2018-11-02,118
119,Pacers,107,Bulls,105,2018-11-02,119
120,Knicks,118,Mavericks,106,2018-11-02,120
121,Grizzlies,110,Jazz,100,2018-11-02,121
122,Raptors,107,Suns,98,2018-11-02,122
123,Timberwolves,99,Warriors,116,2018-11-02,123
124,Pistons,99,76ers,109,2018-11-03,124
125,Cavaliers,94,Hornets,126,2018-11-03,125
126,Celtics,101,Pacers,102,2018-11-03,126
127,Heat,118,Hawks,123,2018-11-03,127
128,Rockets,96,Bulls,88,2018-11-03,128
129,Pelicans,95,Spurs,109,2018-11-03,129
130,Jazz,88,Nuggets,103,2018-11-03,130
131,Lakers,114,Trail Blazers,110,2018-11-03,131
132,Kings,109,Bucks,144,2018-11-04,132
133,76ers,97,Nets,122,2018-11-04,133
134,Knicks,95,Wizards,108,2018-11-04,134
135,Magic,117,Spurs,110,2018-11-04,135
136,Grizzlies,100,Suns,102,2018-11-04,136
137,Timberwolves,81,Trail Blazers,111,2018-11-04,137
138,Raptors,121,Lakers,107,2018-11-04,138
139,Heat,120,Pistons,115,2018-11-05,139
140,Rockets,98,Pacers,94,2018-11-05,140
141,Cavaliers,100,Magic,102,2018-11-05,141
142,Bulls,116,Knicks,115,2018-11-05,142
143,Pelicans,116,Thunder,122,2018-11-05,143
144,Celtics,107,Nuggets,115,2018-11-05,144
145,Raptors,124,Jazz,111,2018-11-05,145
146,Grizzlies,101,Warriors,117,2018-11-05,146
147,Timberwolves,109,Clippers,120,2018-11-05,147
148,Hawks,102,Hornets,113,2018-11-06,148
149,Wizards,100,Mavericks,119,2018-11-06,149
150,Nets,104,Suns,82,2018-11-06,150
151,Bucks,103,Trail Blazers,118,2018-11-06,151
152,Thunder,95,Cavaliers,86,2018-11-07,152
153,Pistons,103,Magic,96,2018-11-07,153
154,Knicks,112,Hawks,107,2018-11-07,154
155,Spurs,88,Heat,95,2018-11-07,155
156,76ers,100,Pacers,94,2018-11-07,156
157,Nuggets,87,Grizzlies,89,2018-11-07,157
158,Bulls,98,Pelicans,107,2018-11-07,158
159,Mavericks,102,Jazz,117,2018-11-07,159
160,Raptors,114,Kings,105,2018-11-07,160
161,Timberwolves,110,Lakers,114,2018-11-07,161
162,Rockets,80,Thunder,98,2018-11-08,162
163,Celtics,116,Suns,109,2018-11-08,163
164,Clippers,105,Trail Blazers,116,2018-11-08,164
165,Bucks,134,Warriors,111,2018-11-08,165
166,Wizards,108,Magic,117,2018-11-09,166
167,Hornets,132,76ers,133,2018-11-09,167
168,Pistons,124,Hawks,109,2018-11-09,168
169,Pacers,110,Heat,102,2018-11-09,169
170,Nets,112,Nuggets,110,2018-11-09,170
171,Celtics,115,Jazz,123,2018-11-09,171
172,Timberwolves,110,Kings,121,2018-11-09,172
173,Knicks,112,Raptors,128,2018-11-10,173
174,Bucks,126,Clippers,128,2018-11-10,174
175,Suns,99,Pelicans,119,2018-11-10,175
176,Wizards,116,Heat,110,2018-11-10,176
177,Cavaliers,98,Bulls,99,2018-11-10,177
178,76ers,106,Grizzlies,112,2018-11-10,178
179,Rockets,89,Spurs,96,2018-11-10,179
180,Nets,100,Warriors,116,2018-11-10,180
181,Thunder,96,Mavericks,111,2018-11-10,181
182,Lakers,101,Kings,86,2018-11-10,182
183,Hornets,113,Pistons,103,2018-11-11,183
184,Pacers,103,Rockets,115,2018-11-11,184
185,Magic,115,Knicks,89,2018-11-11,185
186,Bucks,121,Nuggets,114,2018-11-11,186
187,Celtics,94,Trail Blazers,100,2018-11-11,187
188,Hawks,106,Lakers,107,2018-11-11,188
189,Magic,109,Wizards,117,2018-11-12,189
190,76ers,124,Heat,114,2018-11-12,190
191,Pelicans,126,Raptors,110,2018-11-12,191
192,Mavericks,103,Bulls,98,2018-11-12,192
193,Jazz,96,Grizzlies,88,2018-11-12,193
194,Nets,113,Timberwolves,120,2018-11-12,194
195,Suns,101,Thunder,118,2018-11-12,195
196,Spurs,99,Kings,104,2018-11-12,196
197,Warriors,116,Clippers,121,2018-11-12,197
198,Hornets,89,Cavaliers,113,2018-11-13,198
199,Rockets,109,Nuggets,99,2018-11-13,199
200,Hawks,103,Warriors,110,2018-11-13,200
201,76ers,106,Magic,111,2018-11-14,201
202,Cavaliers,95,Wizards,119,2018-11-14,202
203,Bulls,82,Celtics,111,2018-11-14,203
204,Heat,120,Nets,107,2018-11-14,204
205,Pistons,106,Raptors,104,2018-11-14,205
206,Grizzlies,116,Bucks,113,2018-11-14,206
207,Pelicans,100,Timberwolves,107,2018-11-14,207
208,Knicks,103,Thunder,128,2018-11-14,208
209,Jazz,68,Mavericks,118,2018-11-14,209
210,Spurs,96,Suns,116,2018-11-14,210
211,Trail Blazers,117,Lakers,126,2018-11-14,211
212,Warriors,86,Rockets,107,2018-11-15,212
213,Hawks,93,Nuggets,138,2018-11-15,213
214,Spurs,111,Clippers,116,2018-11-15,214
215,Raptors,116,Celtics,123,2018-11-16,215
216,Heat,91,Pacers,99,2018-11-16,216
217,Jazz,107,76ers,113,2018-11-16,217
218,Nets,115,Wizards,104,2018-11-16,218
219,Kings,104,Grizzlies,112,2018-11-16,219
220,Trail Blazers,96,Timberwolves,112,2018-11-16,220
221,Knicks,124,Pelicans,129,2018-11-16,221
222,Bulls,104,Bucks,123,2018-11-16,222
223,Clippers,127,Nets,119,2018-11-17,223
224,76ers,122,Hornets,119,2018-11-17,224
225,Hawks,89,Pacers,97,2018-11-17,225
226,Lakers,117,Magic,130,2018-11-17,226
227,Nuggets,115,Pelicans,125,2018-11-17,227
228,Jazz,98,Celtics,86,2018-11-17,228
229,Raptors,122,Bulls,83,2018-11-17,229
230,Kings,112,Rockets,132,2018-11-17,230
231,Warriors,109,Mavericks,112,2018-11-17,231
232,Thunder,110,Suns,100,2018-11-17,232
233,Grizzlies,100,Timberwolves,87,2018-11-18,233
234,Lakers,113,Heat,97,2018-11-18,234
235,Knicks,117,Magic,131,2018-11-18,235
236,Trail Blazers,119,Wizards,109,2018-11-18,236
237,Warriors,92,Spurs,104,2018-11-18,237
238,Celtics,112,Hornets,117,2018-11-19,238
239,Cavaliers,102,Pistons,113,2018-11-19,239
240,Jazz,94,Pacers,121,2018-11-19,240
241,Suns,114,76ers,119,2018-11-19,241
242,Clippers,127,Hawks,119,2018-11-19,242
243,Mavericks,88,Grizzlies,98,2018-11-19,243
244,Nuggets,98,Bucks,104,2018-11-19,244
245,Spurs,126,Pelicans,140,2018-11-19,245
246,Thunder,113,Kings,117,2018-11-19,246
247,Raptors,93,Magic,91,2018-11-20,247
248,Clippers,118,Wizards,125,2018-11-20,248
249,Nets,104,Heat,92,2018-11-20,249
250,Trail Blazers,118,Knicks,114,2018-11-20,250
251,Pacers,109,Hornets,127,2018-11-21,251
252,Pelicans,120,76ers,121,2018-11-21,252
253,Raptors,124,Hawks,108,2018-11-21,253
254,Knicks,117,Celtics,109,2018-11-21,254
255,Lakers,109,Cavaliers,105,2018-11-21,255
256,Suns,116,Bulls,124,2018-11-21,256
257,Pistons,124,Rockets,126,2018-11-21,257
258,Trail Blazers,100,Bucks,143,2018-11-21,258
259,Nuggets,103,Timberwolves,101,2018-11-21,259
260,Nets,113,Mavericks,119,2018-11-21,260
261,Grizzlies,104,Spurs,103,2018-11-21,261
262,Kings,119,Jazz,110,2018-11-21,262
263,Thunder,123,Warriors,95,2018-11-21,263
264,Timberwolves,112,Nets,102,2018-11-23,264
265,Grizzlies,107,Clippers,112,2018-11-23,265
266,Rockets,111,Pistons,116,2018-11-23,266
267,Celtics,114,Hawks,96,2018-11-23,267
268,Pelicans,109,Knicks,114,2018-11-23,268
269,Cavaliers,121,76ers,112,2018-11-23,269
270,Wizards,107,Raptors,125,2018-11-23,270
271,Spurs,111,Pacers,100,2018-11-23,271
272,Heat,103,Bulls,96,2018-11-23,272
273,Hornets,104,Thunder,109,2018-11-23,273
274,Suns,116,Bucks,114,2018-11-23,274
275,Magic,87,Nuggets,112,2018-11-23,275
276,Trail Blazers,97,Warriors,125,2018-11-23,276
277,Jazz,83,Lakers,90,2018-11-23,277
278,Rockets,108,Cavaliers,117,2018-11-24,278
279,Pelicans,114,Wizards,124,2018-11-24,279
280,Bulls,96,Timberwolves,111,2018-11-24,280
281,Nuggets,105,Thunder,98,2018-11-24,281
282,Celtics,104,Mavericks,113,2018-11-24,282
283,Spurs,129,Bucks,135,2018-11-24,283
284,Kings,116,Warriors,117,2018-11-24,284
285,Magic,108,Lakers,104,2018-11-25,285
286,Suns,107,Pistons,118,2018-11-25,286
287,Hornets,123,Hawks,124,2018-11-25,287
288,76ers,127,Nets,125,2018-11-25,288
289,Heat,115,Raptors,125,2018-11-25,289
290,Knicks,103,Grizzlies,98,2018-11-25,290
291,Jazz,133,Kings,112,2018-11-25,291
292,Clippers,104,Trail Blazers,100,2018-11-25,292
293,Bucks,107,Hornets,110,2018-11-26,293
294,Timberwolves,102,Cavaliers,95,2018-11-26,294
295,Rockets,131,Wizards,135,2018-11-26,295
296,Spurs,108,Bulls,107,2018-11-26,296
297,Celtics,124,Pelicans,107,2018-11-26,297
298,Pacers,121,Jazz,88,2018-11-26,298
299,Magic,110,Warriors,116,2018-11-26,299
300,Knicks,108,Pistons,115,2018-11-27,300
301,Hawks,115,Heat,113,2018-11-27,301
302,Raptors,122,Grizzlies,114,2018-11-27,302
303,Lakers,85,Nuggets,117,2018-11-27,303
304,Pacers,109,Suns,104,2018-11-27,304
305,Hawks,94,Hornets,108,2018-11-28,305
306,Knicks,91,76ers,117,2018-11-28,306
307,Jazz,101,Nets,91,2018-11-28,307
308,Mavericks,128,Rockets,108,2018-11-28,308
309,Bulls,113,Bucks,116,2018-11-28,309
310,Spurs,89,Timberwolves,128,2018-11-28,310
311,Wizards,104,Pelicans,125,2018-11-28,311
312,Cavaliers,83,Thunder,100,2018-11-28,312
313,Magic,112,Trail Blazers,115,2018-11-28,313
314,Suns,99,Clippers,115,2018-11-28,314
315,Warriors,128,Raptors,131,2018-11-29,315
316,Pacers,96,Lakers,104,2018-11-29,316
317,Clippers,133,Kings,121,2018-11-29,317
318,Cavaliers,95,Celtics,128,2018-11-30,318
319,Jazz,119,Hornets,111,2018-11-30,319
320,Bulls,88,Pistons,107,2018-11-30,320
321,Wizards,98,76ers,123,2018-11-30,321
322,Grizzlies,131,Nets,125,2018-11-30,322
323,Pelicans,101,Heat,106,2018-11-30,323
324,Hawks,109,Thunder,124,2018-11-30,324
325,Rockets,136,Spurs,105,2018-11-30,325
326,Magic,99,Suns,85,2018-11-30,326
327,Mavericks,103,Lakers,114,2018-11-30,327
328,Nuggets,113,Trail Blazers,112,2018-11-30,328
329,Bucks,134,Knicks,136,2018-12-01,329
330,Warriors,102,Pistons,111,2018-12-01,330
331,Nets,88,Wizards,102,2018-12-01,331
332,Raptors,106,Cavaliers,95,2018-12-01,332
333,Bulls,105,Rockets,121,2018-12-01,333
334,Celtics,118,Timberwolves,109,2018-12-01,334
335,Pacers,110,Kings,111,2018-12-01,335
336,Suns,96,Lakers,120,2018-12-02,336
337,Pelicans,119,Hornets,109,2018-12-02,337
338,Jazz,100,Heat,102,2018-12-02,338
339,Grizzlies,95,76ers,103,2018-12-02,339
340,Clippers,110,Mavericks,114,2018-12-02,340
341,Trail Blazers,118,Spurs,131,2018-12-02,341
342,Thunder,110,Pistons,83,2018-12-03,342
343,Warriors,128,Hawks,111,2018-12-03,343
344,Cavaliers,99,Nets,97,2018-12-03,344
345,Wizards,110,Knicks,107,2018-12-03,345
346,Nuggets,106,Raptors,103,2018-12-03,346
347,Rockets,91,Timberwolves,103,2018-12-03,347
348,Clippers,129,Pelicans,126,2018-12-03,348
349,Bulls,90,Pacers,96,2018-12-04,349
350,Magic,105,Heat,90,2018-12-04,350
351,Trail Blazers,102,Mavericks,111,2018-12-04,351
352,Kings,122,Suns,105,2018-12-04,352
353,Spurs,105,Jazz,139,2018-12-04,353
354,Warriors,129,Cavaliers,105,2018-12-05,354
355,Nuggets,124,Magic,118,2018-12-05,355
356,Wizards,131,Hawks,117,2018-12-05,356
357,Thunder,114,Nets,112,2018-12-05,357
358,76ers,102,Raptors,113,2018-12-05,358
359,Clippers,86,Grizzlies,96,2018-12-05,359
360,Pistons,92,Bucks,115,2018-12-05,360
361,Hornets,104,Timberwolves,121,2018-12-05,361
362,Mavericks,106,Pelicans,132,2018-12-05,362
363,Spurs,113,Lakers,121,2018-12-05,363
364,Knicks,100,Celtics,128,2018-12-06,364
365,Suns,86,Trail Blazers,108,2018-12-06,365
366,Rockets,91,Jazz,118,2018-12-06,366
367,Nuggets,107,Hornets,113,2018-12-07,367
368,76ers,117,Pistons,111,2018-12-07,368
369,Pacers,112,Magic,90,2018-12-07,369
370,Raptors,105,Nets,106,2018-12-07,370
371,Kings,129,Cavaliers,110,2018-12-07,371
372,Thunder,112,Bulls,114,2018-12-07,372
373,Grizzlies,107,Pelicans,103,2018-12-07,373
374,Lakers,120,Spurs,133,2018-12-07,374
375,Heat,115,Suns,98,2018-12-07,375
376,Warriors,105,Bucks,95,2018-12-07,376
377,Rockets,104,Mavericks,107,2018-12-08,377
378,Kings,97,Pacers,107,2018-12-08,378
379,Nuggets,98,Hawks,106,2018-12-08,379
380,Wizards,101,Cavaliers,116,2018-12-08,380
381,Nets,112,Knicks,104,2018-12-08,381
382,Celtics,133,Bulls,77,2018-12-08,382
383,Lakers,111,Grizzlies,88,2018-12-08,383
384,Timberwolves,105,Trail Blazers,113,2018-12-08,384
385,Heat,121,Clippers,98,2018-12-08,385
386,Pelicans,116,Pistons,108,2018-12-09,386
387,Bucks,104,Raptors,99,2018-12-09,387
388,Jazz,97,Spurs,110,2018-12-09,388
389,Hornets,119,Knicks,107,2018-12-09,389
390,Wizards,101,Pacers,109,2018-12-10,390
391,Pistons,102,76ers,116,2018-12-10,391
392,Pelicans,100,Celtics,113,2018-12-10,392
393,Kings,108,Bulls,89,2018-12-10,393
394,Cavaliers,92,Bucks,108,2018-12-10,394
395,Jazz,113,Thunder,122,2018-12-10,395
396,Magic,76,Mavericks,101,2018-12-10,396
397,Grizzlies,99,Nuggets,105,2018-12-10,397
398,Clippers,123,Suns,119,2018-12-10,398
399,Timberwolves,108,Warriors,116,2018-12-10,399
400,Heat,105,Lakers,108,2018-12-10,400
401,Trail Blazers,104,Rockets,111,2018-12-11,401
402,Suns,86,Spurs,111,2018-12-11,402
403,Raptors,123,Clippers,99,2018-12-11,403
404,Pistons,107,Hornets,108,2018-12-12,404
405,Knicks,106,Cavaliers,113,2018-12-12,405
406,Bucks,97,Pacers,113,2018-12-12,406
407,Nets,127,76ers,124,2018-12-12,407
408,Celtics,130,Wizards,125,2018-12-12,408
409,Trail Blazers,83,Grizzlies,92,2018-12-12,409
410,Thunder,114,Pelicans,118,2018-12-12,410
411,Hawks,107,Mavericks,114,2018-12-12,411
412,Heat,84,Jazz,111,2018-12-12,412
413,Timberwolves,130,Kings,141,2018-12-12,413
414,Raptors,113,Warriors,93,2018-12-12,414
415,Lakers,111,Rockets,126,2018-12-13,415
416,Clippers,87,Spurs,125,2018-12-13,416
417,Bulls,91,Magic,97,2018-12-13,417
418,Mavericks,89,Suns,99,2018-12-13,418
419,Hawks,108,Celtics,129,2018-12-14,419
420,Knicks,126,Hornets,124,2018-12-14,420
421,Wizards,118,Nets,125,2018-12-14,421
422,Bucks,114,Cavaliers,102,2018-12-14,422
423,Pacers,113,76ers,101,2018-12-14,423
424,Heat,100,Grizzlies,97,2018-12-14,424
425,Thunder,98,Nuggets,109,2018-12-14,425
426,Raptors,122,Trail Blazers,128,2018-12-14,426
427,Warriors,130,Kings,125,2018-12-14,427
428,Jazz,89,Magic,96,2018-12-15,428
429,Lakers,128,Hornets,100,2018-12-15,429
430,Celtics,104,Pistons,113,2018-12-15,430
431,Rockets,105,Grizzlies,97,2018-12-15,431
432,Bulls,98,Spurs,93,2018-12-15,432
433,Clippers,104,Thunder,110,2018-12-15,433
434,Timberwolves,99,Suns,107,2018-12-15,434
435,Hawks,127,Nets,144,2018-12-16,435
436,76ers,128,Cavaliers,105,2018-12-16,436
437,Knicks,99,Pacers,110,2018-12-16,437
438,Lakers,110,Wizards,128,2018-12-16,438
439,Kings,120,Mavericks,113,2018-12-16,439
440,Heat,102,Pelicans,96,2018-12-16,440
441,Raptors,86,Nuggets,95,2018-12-16,441
442,Bucks,107,Pistons,104,2018-12-17,442
443,Suns,128,Knicks,110,2018-12-17,443
444,Jazz,97,Rockets,102,2018-12-17,444
445,Kings,105,Timberwolves,132,2018-12-17,445
446,Bulls,96,Thunder,121,2018-12-17,446
447,76ers,96,Spurs,123,2018-12-17,447
448,Grizzlies,93,Warriors,110,2018-12-17,448
449,Trail Blazers,131,Clippers,127,2018-12-17,449
450,Cavaliers,92,Pacers,91,2018-12-18,450
451,Wizards,110,Hawks,118,2018-12-18,451
452,Lakers,110,Nets,115,2018-12-18,452
453,Mavericks,118,Nuggets,126,2018-12-18,453
454,Cavaliers,99,Hornets,110,2018-12-19,454
455,Spurs,129,Magic,90,2018-12-19,455
456,Knicks,109,76ers,131,2018-12-19,456
457,Suns,111,Celtics,103,2018-12-19,457
458,Pacers,96,Raptors,99,2018-12-19,458
459,Nets,96,Bulls,93,2018-12-19,459
460,Wizards,118,Rockets,136,2018-12-19,460
461,Pelicans,115,Bucks,123,2018-12-19,461
462,Pistons,129,Timberwolves,123,2018-12-19,462
463,Warriors,103,Jazz,108,2018-12-19,463
464,Grizzlies,92,Trail Blazers,99,2018-12-19,464
465,Thunder,132,Kings,113,2018-12-19,465
466,Rockets,99,Heat,101,2018-12-20,466
467,Mavericks,121,Clippers,125,2018-12-20,467
468,Pistons,86,Hornets,98,2018-12-21,468
469,Cavaliers,110,Raptors,126,2018-12-21,469
470,Pacers,114,Nets,106,2018-12-21,470
471,Hawks,114,Knicks,107,2018-12-21,471
472,Bucks,120,Celtics,107,2018-12-21,472
473,Magic,80,Bulls,90,2018-12-21,473
474,Timberwolves,98,Spurs,124,2018-12-21,474
475,Jazz,120,Trail Blazers,90,2018-12-21,475
476,Grizzlies,99,Kings,102,2018-12-21,476
477,Pelicans,104,Lakers,112,2018-12-21,477
478,Nuggets,111,Clippers,132,2018-12-22,478
479,Suns,146,Wizards,149,2018-12-22,479
480,Raptors,101,76ers,126,2018-12-22,480
481,Bucks,87,Heat,94,2018-12-22,481
482,Spurs,101,Rockets,108,2018-12-22,482
483,Mavericks,116,Warriors,120,2018-12-22,483
484,Thunder,107,Jazz,106,2018-12-22,484
485,Hawks,98,Pistons,95,2018-12-23,485
486,Wizards,89,Pacers,105,2018-12-23,486
487,Hornets,103,Celtics,119,2018-12-23,487
488,Suns,103,Nets,111,2018-12-23,488
489,Bulls,112,Cavaliers,92,2018-12-23,489
490,Heat,115,Magic,91,2018-12-23,490
491,Pelicans,117,Kings,122,2018-12-23,491
492,Timberwolves,114,Thunder,112,2018-12-23,492
493,Clippers,127,Warriors,129,2018-12-23,493
494,Mavericks,118,Trail Blazers,121,2018-12-23,494
495,Grizzlies,107,Lakers,99,2018-12-23,495
496,Bucks,109,Knicks,95,2018-12-25,496
497,Thunder,109,Rockets,113,2018-12-25,497
498,76ers,114,Celtics,121,2018-12-25,498
499,Lakers,127,Warriors,101,2018-12-25,499
500,Trail Blazers,96,Jazz,117,2018-12-25,500
501,Wizards,95,Pistons,106,2018-12-26,501
502,Suns,122,Magic,120,2018-12-26,502
503,Pacers,129,Hawks,121,2018-12-26,503
504,Hornets,132,Nets,134,2018-12-26,504
505,Raptors,106,Heat,104,2018-12-26,505
506,Timberwolves,119,Bulls,94,2018-12-26,506
507,Cavaliers,87,Grizzlies,95,2018-12-26,507
508,Pelicans,119,Mavericks,122,2018-12-26,508
509,Nuggets,103,Spurs,111,2018-12-26,509
510,Kings,118,Clippers,127,2018-12-26,510
511,Celtics,113,Rockets,127,2018-12-27,511
512,Knicks,96,Bucks,112,2018-12-27,512
513,Lakers,116,Kings,117,2018-12-27,513
514,76ers,114,Jazz,97,2018-12-27,514
515,Trail Blazers,110,Warriors,109,2018-12-27,515
516,Nets,87,Hornets,100,2018-12-28,516
517,Pistons,88,Pacers,125,2018-12-28,517
518,Raptors,87,Magic,116,2018-12-28,518
519,Bulls,101,Wizards,92,2018-12-28,519
520,Cavaliers,94,Heat,118,2018-12-28,520
521,Hawks,123,Timberwolves,120,2018-12-28,521
522,Mavericks,112,Pelicans,114,2018-12-28,522
523,Spurs,99,Nuggets,102,2018-12-28,523
524,Thunder,118,Suns,102,2018-12-28,524
525,Clippers,118,Lakers,107,2018-12-28,525
526,Nets,115,Bucks,129,2018-12-29,526
527,Rockets,108,Pelicans,104,2018-12-29,527
528,Hornets,126,Wizards,130,2018-12-29,528
529,Cavaliers,108,Hawks,111,2018-12-29,529
530,Celtics,112,Grizzlies,103,2018-12-29,530
531,Knicks,97,Jazz,129,2018-12-29,531
532,Nuggets,122,Suns,118,2018-12-29,532
533,Warriors,115,Trail Blazers,105,2018-12-29,533
534,Spurs,122,Clippers,111,2018-12-29,534
535,Pistons,107,Magic,109,2018-12-30,535
536,Timberwolves,113,Heat,104,2018-12-30,536
537,Bulls,89,Raptors,95,2018-12-30,537
538,Thunder,103,Mavericks,105,2018-12-30,538
539,76ers,95,Trail Blazers,129,2018-12-30,539
540,Kings,114,Lakers,121,2018-12-30,540
541,Hawks,108,Pacers,116,2018-12-31,541
542,Magic,100,Hornets,125,2018-12-31,542
543,Grizzlies,101,Rockets,113,2018-12-31,543
544,Celtics,111,Spurs,120,2018-12-31,544
545,Timberwolves,114,Pelicans,123,2018-12-31,545
546,Mavericks,102,Thunder,122,2018-12-31,546
547,Warriors,132,Suns,109,2018-12-31,547
548,Jazz,116,Raptors,122,2019-01-01,548
549,Pistons,98,Bucks,121,2019-01-01,549
550,Knicks,108,Nuggets,115,2019-01-01,550
551,Trail Blazers,113,Kings,108,2019-01-01,551
552,76ers,119,Clippers,113,2019-01-01,552
553,Mavericks,122,Hornets,84,2019-01-02,553
554,Heat,117,Cavaliers,92,2019-01-02,554
555,Hawks,98,Wizards,114,2019-01-02,555
556,Pelicans,121,Nets,126,2019-01-02,556
557,Timberwolves,102,Celtics,115,2019-01-02,557
558,Magic,112,Bulls,84,2019-01-02,558
559,Pistons,101,Grizzlies,94,2019-01-02,559
560,76ers,132,Suns,127,2019-01-02,560
561,Thunder,107,Lakers,100,2019-01-02,561
562,Raptors,107,Spurs,125,2019-01-03,562
563,Nuggets,117,Kings,113,2019-01-03,563
564,Rockets,135,Warriors,134,2019-01-03,564
565,Jazz,117,Cavaliers,91,2019-01-04,565
566,Mavericks,93,Celtics,114,2019-01-04,566
567,Wizards,109,Heat,115,2019-01-04,567
568,Pacers,119,Bulls,116,2019-01-04,568
569,Nets,109,Grizzlies,100,2019-01-04,569
570,Magic,103,Timberwolves,120,2019-01-04,570
571,Hawks,112,Bucks,144,2019-01-04,571
572,Clippers,121,Suns,111,2019-01-04,572
573,Knicks,119,Lakers,112,2019-01-04,573
574,Thunder,111,Trail Blazers,109,2019-01-04,574
575,Hornets,110,Nuggets,123,2019-01-05,575
576,Jazz,110,Pistons,105,2019-01-05,576
577,Mavericks,100,76ers,106,2019-01-05,577
578,Pelicans,133,Cavaliers,98,2019-01-05,578
579,Raptors,123,Bucks,116,2019-01-05,579
580,Grizzlies,88,Spurs,108,2019-01-05,580
581,Rockets,101,Trail Blazers,110,2019-01-05,581
582,Warriors,127,Kings,123,2019-01-05,582
583,Nets,117,Bulls,100,2019-01-06,583
584,Lakers,86,Timberwolves,108,2019-01-06,584
585,Magic,96,Clippers,106,2019-01-06,585
586,Heat,82,Hawks,106,2019-01-06,586
587,Wizards,116,Thunder,98,2019-01-06,587
588,Pacers,105,Raptors,121,2019-01-06,588
589,Hornets,119,Suns,113,2019-01-06,589
590,Spurs,119,Pistons,107,2019-01-07,590
591,Nets,95,Celtics,116,2019-01-07,591
592,Nuggets,113,Rockets,125,2019-01-07,592
593,Jazz,102,Bucks,114,2019-01-07,593
594,Grizzlies,95,Pelicans,114,2019-01-07,594
595,Lakers,107,Mavericks,97,2019-01-07,595
596,Knicks,101,Trail Blazers,111,2019-01-07,596
597,Magic,95,Kings,111,2019-01-07,597
598,Pacers,123,Cavaliers,115,2019-01-08,598
599,Wizards,115,76ers,132,2019-01-08,599
600,Nuggets,103,Heat,99,2019-01-08,600
601,Hawks,101,Raptors,104,2019-01-08,601
602,Timberwolves,119,Thunder,117,2019-01-08,602
603,Kings,111,Suns,115,2019-01-08,603
604,Knicks,95,Warriors,122,2019-01-08,604
605,Hornets,109,Clippers,128,2019-01-08,605
606,Pacers,108,Celtics,135,2019-01-09,606
607,76ers,106,Wizards,123,2019-01-09,607
608,Hawks,100,Nets,116,2019-01-09,608
609,Bucks,116,Rockets,109,2019-01-09,609
610,Spurs,86,Grizzlies,96,2019-01-09,610
611,Cavaliers,124,Pelicans,140,2019-01-09,611
612,Suns,94,Mavericks,104,2019-01-09,612
613,Magic,93,Jazz,106,2019-01-09,613
614,Bulls,112,Trail Blazers,124,2019-01-09,614
615,Pistons,100,Lakers,113,2019-01-09,615
616,Celtics,99,Heat,115,2019-01-10,616
617,Clippers,100,Nuggets,121,2019-01-10,617
618,Thunder,147,Spurs,154,2019-01-10,618
619,Pistons,102,Kings,112,2019-01-10,619
620,Hawks,123,76ers,121,2019-01-11,620
621,Bucks,106,Wizards,113,2019-01-11,621
622,Pacers,121,Knicks,106,2019-01-11,622
623,Nets,105,Raptors,122,2019-01-11,623
624,Cavaliers,113,Rockets,141,2019-01-11,624
625,Mavericks,119,Timberwolves,115,2019-01-11,625
626,Lakers,95,Jazz,113,2019-01-11,626
627,Hornets,96,Trail Blazers,127,2019-01-11,627
628,Bulls,109,Warriors,146,2019-01-11,628
629,Pistons,109,Clippers,104,2019-01-12,629
630,Grizzlies,108,Heat,112,2019-01-12,630
631,Celtics,103,Magic,105,2019-01-12,631
632,Pelicans,106,Timberwolves,110,2019-01-12,632
633,Spurs,112,Thunder,122,2019-01-12,633
634,Nuggets,93,Suns,102,2019-01-12,634
635,Hornets,97,Kings,104,2019-01-12,635
636,Bulls,102,Jazz,110,2019-01-12,636
637,76ers,108,Knicks,105,2019-01-13,637
638,Raptors,140,Wizards,138,2019-01-13,638
639,Bucks,133,Hawks,114,2019-01-13,639
640,Rockets,109,Magic,116,2019-01-13,640
641,Warriors,119,Mavericks,114,2019-01-13,641
642,Trail Blazers,113,Nuggets,116,2019-01-13,642
643,Cavaliers,101,Lakers,95,2019-01-13,643
644,Celtics,102,Nets,109,2019-01-14,644
645,Grizzlies,94,Rockets,112,2019-01-14,645
646,Hornets,108,Spurs,93,2019-01-14,646
647,Pistons,94,Jazz,100,2019-01-14,647
648,Trail Blazers,107,Kings,115,2019-01-14,648
649,Pelicans,121,Clippers,117,2019-01-14,649
650,Suns,97,Pacers,131,2019-01-15,650
651,Timberwolves,107,76ers,149,2019-01-15,651
652,Thunder,126,Hawks,142,2019-01-15,652
653,Heat,86,Bucks,124,2019-01-15,653
654,Warriors,142,Nuggets,111,2019-01-15,654
655,Bulls,100,Lakers,107,2019-01-15,655
656,Magic,115,Pistons,120,2019-01-16,656
657,Raptors,108,Celtics,117,2019-01-16,657
658,Nets,145,Rockets,142,2019-01-16,658
659,Bucks,111,Grizzlies,101,2019-01-16,659
660,Spurs,105,Mavericks,101,2019-01-16,660
661,Cavaliers,112,Trail Blazers,129,2019-01-16,661
662,Pelicans,140,Warriors,147,2019-01-16,662
663,Jazz,129,Clippers,109,2019-01-16,663
664,Knicks,100,Wizards,101,2019-01-17,664
665,Kings,95,Hornets,114,2019-01-17,665
666,76ers,120,Pacers,96,2019-01-17,666
667,Suns,109,Raptors,111,2019-01-17,667
668,Bulls,105,Nuggets,135,2019-01-17,668
669,Lakers,138,Thunder,128,2019-01-17,669
670,Grizzlies,116,Celtics,122,2019-01-18,670
671,Heat,93,Pistons,98,2019-01-18,671
672,Nets,117,Magic,115,2019-01-18,672
673,Spurs,116,Timberwolves,113,2019-01-18,673
674,Cavaliers,99,Jazz,115,2019-01-18,674
675,Warriors,112,Clippers,94,2019-01-18,675
676,Pelicans,112,Trail Blazers,128,2019-01-18,676
677,Thunder,117,76ers,115,2019-01-19,677
678,Suns,115,Hornets,135,2019-01-19,678
679,Kings,103,Pistons,101,2019-01-19,679
680,Mavericks,99,Pacers,111,2019-01-19,680
681,Bucks,118,Magic,108,2019-01-19,681
682,Celtics,113,Hawks,105,2019-01-19,682
683,Grizzlies,90,Raptors,119,2019-01-19,683
684,Heat,117,Bulls,103,2019-01-19,684
685,Lakers,134,Rockets,138,2019-01-19,685
686,Cavaliers,102,Nuggets,124,2019-01-19,686
687,Hornets,95,Pacers,120,2019-01-20,687
688,Suns,114,Timberwolves,116,2019-01-20,688
689,Clippers,103,Spurs,95,2019-01-20,689
690,Thunder,127,Knicks,109,2019-01-21,690
691,Bulls,104,Cavaliers,88,2019-01-21,691
692,Pistons,87,Wizards,101,2019-01-21,692
693,Mavericks,106,Bucks,116,2019-01-21,693
694,Magic,122,Hawks,103,2019-01-21,694
695,Kings,94,Nets,123,2019-01-21,695
696,Pelicans,105,Grizzlies,85,2019-01-21,696
697,Heat,99,Celtics,107,2019-01-21,697
698,Rockets,93,76ers,121,2019-01-21,698
699,Trail Blazers,109,Jazz,104,2019-01-21,699
700,Warriors,130,Lakers,111,2019-01-21,700
701,Kings,105,Raptors,120,2019-01-22,701
702,Trail Blazers,114,Thunder,123,2019-01-22,702
703,Clippers,98,Mavericks,106,2019-01-22,703
704,Timberwolves,118,Suns,91,2019-01-22,704
705,Raptors,106,Pacers,110,2019-01-23,705
706,Cavaliers,103,Celtics,123,2019-01-23,706
707,Magic,110,Nets,114,2019-01-23,707
708,Clippers,111,Heat,99,2019-01-23,708
709,Rockets,114,Knicks,110,2019-01-23,709
710,Spurs,120,76ers,122,2019-01-23,710
711,Hawks,121,Bulls,101,2019-01-23,711
712,Hornets,118,Grizzlies,107,2019-01-23,712
713,Pistons,98,Pelicans,94,2019-01-23,713
714,Nuggets,108,Jazz,114,2019-01-23,714
715,Warriors,126,Wizards,118,2019-01-24,715
716,Pelicans,116,Thunder,122,2019-01-24,716
717,Trail Blazers,120,Suns,106,2019-01-24,717
718,Timberwolves,120,Lakers,105,2019-01-24,718
719,Wizards,95,Magic,91,2019-01-25,719
720,Knicks,99,Nets,109,2019-01-25,720
721,Heat,100,Cavaliers,94,2019-01-25,721
722,Clippers,106,Bulls,101,2019-01-25,722
723,Raptors,119,Rockets,121,2019-01-25,723
724,Kings,99,Grizzlies,96,2019-01-25,724
725,Pistons,101,Mavericks,106,2019-01-25,725
726,Hornets,99,Bucks,108,2019-01-25,726
727,Suns,95,Nuggets,132,2019-01-25,727
728,Timberwolves,102,Jazz,106,2019-01-25,728
729,Spurs,126,Pelicans,114,2019-01-26,729
730,Pacers,103,Grizzlies,106,2019-01-26,730
731,Warriors,115,Celtics,111,2019-01-26,731
732,76ers,110,Nuggets,126,2019-01-26,732
733,Hawks,111,Trail Blazers,120,2019-01-26,733
734,Cavaliers,104,Bulls,101,2019-01-27,734
735,Kings,108,Clippers,122,2019-01-27,735
736,Bucks,112,Thunder,118,2019-01-27,736
737,Magic,98,Rockets,103,2019-01-27,737
738,Raptors,123,Mavericks,120,2019-01-27,738
739,Jazz,125,Timberwolves,111,2019-01-27,739
740,Wizards,119,Spurs,132,2019-01-27,740
741,Heat,106,Knicks,97,2019-01-27,741
742,Suns,102,Lakers,116,2019-01-27,742
743,Knicks,92,Hornets,101,2019-01-28,743
744,Warriors,132,Pacers,100,2019-01-28,744
745,Nets,104,Celtics,112,2019-01-28,745
746,Nuggets,95,Grizzlies,92,2019-01-28,746
747,Hawks,123,Clippers,118,2019-01-28,747
748,Wizards,113,Cavaliers,116,2019-01-29,748
749,Bucks,115,Pistons,105,2019-01-29,749
750,Thunder,126,Magic,117,2019-01-29,750
751,Bulls,117,Nets,122,2019-01-29,751
752,Pelicans,121,Rockets,116,2019-01-29,752
753,Suns,124,Spurs,126,2019-01-29,753
754,76ers,121,Lakers,105,2019-01-29,754
755,Hornets,94,Celtics,126,2019-01-30,755
756,Bulls,105,Heat,89,2019-01-30,756
757,Mavericks,114,Knicks,90,2019-01-30,757
758,Pacers,89,Wizards,107,2019-01-30,758
759,Grizzlies,97,Timberwolves,99,2019-01-30,759
760,Nuggets,105,Pelicans,99,2019-01-30,760
761,Hawks,113,Kings,135,2019-01-30,761
762,Jazz,105,Trail Blazers,132,2019-01-30,762
763,Mavericks,89,Pistons,93,2019-01-31,763
764,Pacers,100,Magic,107,2019-01-31,764
765,Bucks,105,Raptors,92,2019-01-31,765
766,Nets,114,Spurs,117,2019-01-31,766
767,76ers,113,Warriors,104,2019-01-31,767
768,Lakers,123,Clippers,120,2019-01-31,768
769,Grizzlies,92,Hornets,100,2019-02-01,769
770,Celtics,113,Knicks,99,2019-02-01,770
771,Thunder,118,Heat,102,2019-02-01,771
772,Hawks,112,Jazz,128,2019-02-01,772
773,Rockets,122,Nuggets,136,2019-02-01,773
774,Clippers,111,Pistons,101,2019-02-02,774
775,Bulls,118,Hornets,125,2019-02-02,775
776,Nets,89,Magic,102,2019-02-02,776
777,Bucks,131,Wizards,115,2019-02-02,777
778,Mavericks,111,Cavaliers,98,2019-02-02,778
779,Pacers,95,Heat,88,2019-02-02,779
780,Pelicans,108,Spurs,113,2019-02-02,780
781,Lakers,101,Warriors,115,2019-02-02,781
782,Nuggets,107,Timberwolves,106,2019-02-02,782
783,Hawks,118,Suns,112,2019-02-02,783
784,Rockets,125,Jazz,98,2019-02-02,784
785,76ers,108,Kings,115,2019-02-02,785
786,Grizzlies,96,Knicks,84,2019-02-03,786
787,Thunder,129,Celtics,134,2019-02-03,787
788,Clippers,103,Raptors,121,2019-02-03,788
789,Nuggets,103,Pistons,129,2019-02-04,789
790,Hawks,137,Wizards,129,2019-02-04,790
791,Bucks,113,Nets,94,2019-02-04,791
792,Pacers,109,Pelicans,107,2019-02-04,792
793,Rockets,118,Suns,110,2019-02-04,793
794,Spurs,112,Kings,127,2019-02-04,794
795,Clippers,117,Hornets,115,2019-02-05,795
796,Celtics,103,Cavaliers,96,2019-02-05,796
797,Lakers,94,Pacers,136,2019-02-05,797
798,Pistons,105,Knicks,92,2019-02-05,798
799,Raptors,119,76ers,107,2019-02-05,799
800,Timberwolves,106,Grizzlies,108,2019-02-05,800
801,Magic,122,Thunder,132,2019-02-05,801
802,Heat,118,Trail Blazers,108,2019-02-05,802
803,Nuggets,130,Nets,135,2019-02-06,803
804,Pelicans,125,Bulls,120,2019-02-06,804
805,Wizards,129,Bucks,148,2019-02-06,805
806,Hornets,93,Mavericks,99,2019-02-06,806
807,Suns,88,Jazz,116,2019-02-06,807
808,Rockets,127,Kings,101,2019-02-06,808
809,Spurs,102,Warriors,141,2019-02-06,809
810,Clippers,92,Pacers,116,2019-02-07,810
811,Timberwolves,112,Magic,122,2019-02-07,811
812,Raptors,119,Hawks,101,2019-02-07,812
813,Lakers,129,Celtics,128,2019-02-07,813
814,Grizzlies,95,Thunder,117,2019-02-07,814
815,Spurs,118,Trail Blazers,127,2019-02-07,815
816,Knicks,103,Pistons,120,2019-02-08,816
817,Nuggets,110,76ers,117,2019-02-08,817
818,Cavaliers,106,Wizards,119,2019-02-08,818
819,Bulls,125,Nets,106,2019-02-08,819
820,Bucks,122,Mavericks,107,2019-02-08,820
821,Warriors,117,Suns,107,2019-02-08,821
822,Timberwolves,117,Pelicans,122,2019-02-08,822
823,Heat,96,Kings,102,2019-02-08,823
824,Spurs,105,Jazz,125,2019-02-09,824
825,Cavaliers,90,Pacers,105,2019-02-09,825
826,Hornets,129,Hawks,120,2019-02-09,826
827,Raptors,104,Knicks,99,2019-02-09,827
828,Clippers,123,Celtics,112,2019-02-09,828
829,Wizards,134,Bulls,125,2019-02-09,829
830,Pelicans,90,Grizzlies,99,2019-02-09,830
831,Thunder,117,Rockets,112,2019-02-09,831
832,Magic,103,Bucks,83,2019-02-09,832
833,Trail Blazers,101,Mavericks,102,2019-02-10,833
834,Lakers,120,76ers,143,2019-02-10,834
835,Suns,104,Kings,117,2019-02-10,835
836,Magic,124,Hawks,108,2019-02-10,836
837,Heat,118,Warriors,120,2019-02-10,837
838,Knicks,104,Cavaliers,107,2019-02-11,838
839,Wizards,112,Pistons,121,2019-02-11,839
840,Hornets,90,Pacers,99,2019-02-11,840
841,Nets,125,Raptors,127,2019-02-11,841
842,Bucks,112,Bulls,99,2019-02-11,842
843,Mavericks,104,Rockets,120,2019-02-11,843
844,Clippers,120,Timberwolves,130,2019-02-11,844
845,Trail Blazers,111,Thunder,120,2019-02-11,845
846,Heat,87,Nuggets,103,2019-02-11,846
847,Lakers,113,Hawks,117,2019-02-12,847
848,Celtics,112,76ers,109,2019-02-12,848
849,Spurs,108,Grizzlies,107,2019-02-12,849
850,Magic,118,Pelicans,88,2019-02-12,850
851,Jazz,108,Warriors,115,2019-02-12,851
852,Nets,148,Cavaliers,139,2019-02-13,852
853,Bucks,106,Pacers,97,2019-02-13,853
854,Pistons,110,Celtics,118,2019-02-13,854
855,76ers,126,Knicks,111,2019-02-13,855
856,Wizards,120,Raptors,129,2019-02-13,856
857,Grizzlies,110,Bulls,122,2019-02-13,857
858,Rockets,111,Timberwolves,121,2019-02-13,858
859,Heat,112,Mavericks,101,2019-02-13,859
860,Kings,118,Nuggets,120,2019-02-13,860
861,Warriors,107,Trail Blazers,129,2019-02-13,861
862,Suns,107,Clippers,134,2019-02-13,862
863,Hornets,89,Magic,127,2019-02-14,863
864,Knicks,106,Hawks,91,2019-02-14,864
865,Thunder,122,Pelicans,131,2019-02-14,865
866,Away,80,Home,82,2019-02-15,866
867,World,144,USA,161,2019-02-15,867
868,LeBron,178,Giannis,164,2019-02-17,868
869,Suns,98,Cavaliers,111,2019-02-21,869
870,Heat,102,76ers,106,2019-02-21,870
871,Trail Blazers,113,Nets,99,2019-02-21,871
872,Celtics,97,Bucks,98,2019-02-21,872
873,Kings,123,Warriors,125,2019-02-21,873
874,Rockets,106,Lakers,111,2019-02-21,874
875,Wizards,110,Hornets,123,2019-02-22,875
876,Pelicans,111,Pacers,126,2019-02-22,876
877,Bulls,110,Magic,109,2019-02-22,877
878,Spurs,117,Raptors,120,2019-02-22,878
879,Pistons,125,Hawks,122,2019-02-22,879
880,Timberwolves,115,Knicks,104,2019-02-22,880
881,Clippers,112,Grizzlies,106,2019-02-22,881
882,Nuggets,114,Mavericks,104,2019-02-22,882
883,Jazz,147,Thunder,148,2019-02-22,883
884,Trail Blazers,130,76ers,115,2019-02-23,884
885,Suns,112,Hawks,120,2019-02-23,885
886,Nets,117,Hornets,115,2019-02-23,886
887,Grizzlies,107,Cavaliers,112,2019-02-23,887
888,Pacers,119,Wizards,112,2019-02-23,888
889,Lakers,115,Pelicans,128,2019-02-23,889
890,Pistons,119,Heat,96,2019-02-23,890
891,Celtics,116,Bulls,126,2019-02-23,891
892,Kings,119,Thunder,116,2019-02-23,892
893,Timberwolves,128,Bucks,140,2019-02-23,893
894,Rockets,118,Warriors,112,2019-02-23,894
895,Mavericks,109,Jazz,125,2019-02-23,895
896,Magic,113,Raptors,98,2019-02-24,896
897,Clippers,96,Nuggets,123,2019-02-24,897
898,Spurs,118,Knicks,130,2019-02-24,898
899,Warriors,121,Hornets,110,2019-02-25,899
900,Trail Blazers,123,Cavaliers,110,2019-02-25,900
901,Pacers,109,Pistons,113,2019-02-25,901
902,Spurs,85,Nets,101,2019-02-25,902
903,Suns,124,Heat,121,2019-02-25,903
904,Bucks,117,Bulls,106,2019-02-25,904
905,Hawks,111,Rockets,119,2019-02-25,905
906,Lakers,105,Grizzlies,110,2019-02-25,906
907,Kings,105,Timberwolves,112,2019-02-25,907
908,76ers,111,Pelicans,110,2019-02-25,908
909,Mavericks,112,Clippers,121,2019-02-25,909
910,Magic,103,Knicks,108,2019-02-26,910
911,Celtics,95,Raptors,118,2019-02-26,911
912,Thunder,112,Nuggets,121,2019-02-26,912
913,Rockets,118,Hornets,113,2019-02-27,913
914,Timberwolves,123,Hawks,131,2019-02-27,914
915,Wizards,125,Nets,116,2019-02-27,915
916,Warriors,125,Heat,126,2019-02-27,916
917,Trail Blazers,97,Celtics,92,2019-02-27,917
918,Bulls,109,Grizzlies,107,2019-02-27,918
919,Pistons,93,Spurs,105,2019-02-27,919
920,Pacers,101,Mavericks,110,2019-02-27,920
921,Clippers,105,Jazz,111,2019-02-27,921
922,Bucks,141,Kings,140,2019-02-27,922
923,Pelicans,119,Lakers,125,2019-02-27,923
924,Timberwolves,115,Pacers,122,2019-02-28,924
925,Warriors,96,Magic,103,2019-02-28,925
926,Cavaliers,125,Knicks,118,2019-02-28,926
927,Heat,118,Rockets,121,2019-02-28,927
928,76ers,108,Thunder,104,2019-02-28,928
929,Jazz,111,Nuggets,104,2019-02-28,929
930,Bulls,168,Hawks,161,2019-03-01,930
931,Hornets,123,Nets,112,2019-03-01,931
932,Trail Blazers,117,Raptors,119,2019-03-01,932
933,Wizards,96,Celtics,107,2019-03-01,933
934,Pelicans,130,Suns,116,2019-03-01,934
935,Clippers,116,Kings,109,2019-03-01,935
936,Bucks,131,Lakers,120,2019-03-01,936
937,Pistons,129,Cavaliers,93,2019-03-02,937
938,Magic,117,Pacers,112,2019-03-02,938
939,Nets,88,Heat,117,2019-03-02,939
940,Warriors,120,76ers,117,2019-03-02,940
941,Grizzlies,111,Mavericks,81,2019-03-02,941
942,Thunder,102,Spurs,116,2019-03-02,942
943,Pelicans,120,Nuggets,112,2019-03-02,943
944,Lakers,109,Suns,118,2019-03-02,944
945,Bucks,111,Jazz,115,2019-03-02,945
946,Trail Blazers,118,Hornets,108,2019-03-03,946
947,Rockets,115,Celtics,104,2019-03-03,947
948,Hawks,123,Bulls,118,2019-03-03,948
949,Knicks,107,Clippers,128,2019-03-03,949
950,Magic,93,Cavaliers,107,2019-03-03,950
951,Raptors,107,Pistons,112,2019-03-03,951
952,Timberwolves,121,Wizards,135,2019-03-03,952
953,Grizzlies,95,Thunder,99,2019-03-03,953
954,Mavericks,88,Nets,127,2019-03-04,954
955,Hawks,113,Heat,114,2019-03-04,955
956,Nuggets,103,Spurs,104,2019-03-04,956
957,Bucks,105,Suns,114,2019-03-04,957
958,Pelicans,115,Jazz,112,2019-03-04,958
959,Knicks,108,Kings,115,2019-03-04,959
960,Clippers,113,Lakers,105,2019-03-04,960
961,Bulls,96,Pacers,105,2019-03-05,961
962,Magic,106,76ers,114,2019-03-05,962
963,Rockets,107,Raptors,95,2019-03-05,963
964,Trail Blazers,111,Grizzlies,120,2019-03-05,964
965,Thunder,120,Timberwolves,131,2019-03-05,965
966,Celtics,128,Warriors,95,2019-03-05,966
967,Heat,91,Hornets,84,2019-03-06,967
968,Timberwolves,114,Pistons,131,2019-03-06,968
969,Mavericks,123,Wizards,132,2019-03-06,969
970,Spurs,111,Hawks,104,2019-03-06,970
971,Cavaliers,107,Nets,113,2019-03-06,971
972,76ers,107,Bulls,108,2019-03-06,972
973,Jazz,114,Pelicans,104,2019-03-06,973
974,Knicks,96,Suns,107,2019-03-06,974
975,Celtics,111,Kings,109,2019-03-06,975
976,Nuggets,115,Lakers,99,2019-03-06,976
977,Pacers,98,Bucks,117,2019-03-07,977
978,Thunder,129,Trail Blazers,121,2019-03-07,978
979,Wizards,111,Hornets,112,2019-03-08,979
980,Mavericks,106,Magic,111,2019-03-08,980
981,Cavaliers,110,Heat,126,2019-03-08,981
982,Pistons,112,Bulls,104,2019-03-08,982
983,76ers,91,Rockets,107,2019-03-08,983
984,Jazz,104,Grizzlies,114,2019-03-08,984
985,Raptors,127,Pelicans,104,2019-03-08,985
986,Nuggets,105,Warriors,122,2019-03-08,986
987,Thunder,110,Clippers,118,2019-03-08,987
988,Kings,102,Knicks,94,2019-03-09,988
989,Nets,114,Hawks,112,2019-03-09,989
990,Wizards,130,Timberwolves,135,2019-03-09,990
991,Celtics,120,Lakers,107,2019-03-09,991
992,Hornets,114,Bucks,131,2019-03-09,992
993,Suns,120,Trail Blazers,127,2019-03-09,993
994,Bulls,108,Pistons,131,2019-03-10,994
995,Raptors,125,Heat,104,2019-03-10,995
996,Pacers,89,76ers,106,2019-03-10,996
997,Pelicans,116,Hawks,128,2019-03-10,997
998,Magic,97,Grizzlies,105,2019-03-10,998
999,Rockets,94,Mavericks,93,2019-03-10,999
1000,Knicks,92,Timberwolves,103,2019-03-10,1000
1001,Bucks,114,Spurs,121,2019-03-10,1001
1002,Suns,115,Warriors,111,2019-03-10,1002
1003,Raptors,101,Cavaliers,126,2019-03-11,1003
1004,Kings,115,Wizards,121,2019-03-11,1004
1005,Pistons,75,Nets,103,2019-03-11,1005
1006,Hornets,106,Rockets,118,2019-03-11,1006
1007,Thunder,98,Jazz,89,2019-03-11,1007
1008,Celtics,115,Clippers,140,2019-03-11,1008
1009,Knicks,98,Pacers,103,2019-03-12,1009
1010,Cavaliers,99,76ers,106,2019-03-12,1010
1011,Lakers,123,Bulls,107,2019-03-12,1011
1012,Bucks,130,Pelicans,113,2019-03-12,1012
1013,Spurs,112,Mavericks,105,2019-03-12,1013
1014,Timberwolves,107,Nuggets,133,2019-03-12,1014
1015,Trail Blazers,125,Clippers,104,2019-03-12,1015
1016,Magic,90,Wizards,100,2019-03-13,1016
1017,Nets,96,Thunder,108,2019-03-13,1017
1018,Pistons,74,Heat,108,2019-03-13,1018
1019,Grizzlies,111,Hawks,132,2019-03-13,1019
1020,Warriors,106,Rockets,104,2019-03-13,1020
1021,Jazz,114,Suns,97,2019-03-13,1021
1022,Thunder,106,Pacers,108,2019-03-14,1022
1023,Cavaliers,91,Magic,120,2019-03-14,1023
1024,Kings,120,Celtics,126,2019-03-14,1024
1025,Lakers,98,Raptors,111,2019-03-14,1025
1026,Timberwolves,100,Jazz,120,2019-03-14,1026
1027,Mavericks,99,Nuggets,100,2019-03-14,1027
1028,Lakers,97,Pistons,111,2019-03-15,1028
1029,Kings,114,76ers,123,2019-03-15,1029
1030,Hornets,116,Wizards,110,2019-03-15,1030
1031,Bucks,113,Heat,98,2019-03-15,1031
1032,Suns,102,Rockets,108,2019-03-15,1032
1033,Trail Blazers,122,Pelicans,110,2019-03-15,1033
1034,Knicks,83,Spurs,109,2019-03-15,1034
1035,Bulls,121,Clippers,128,2019-03-15,1035
1036,Hawks,120,Celtics,129,2019-03-16,1036
1037,Grizzlies,128,Wizards,135,2019-03-16,1037
1038,Suns,138,Pelicans,136,2019-03-16,1038
1039,Cavaliers,116,Mavericks,121,2019-03-16,1039
1040,Warriors,110,Thunder,88,2019-03-16,1040
1041,Trail Blazers,103,Spurs,108,2019-03-16,1041
1042,Pacers,100,Nuggets,102,2019-03-16,1042
1043,Nets,98,Jazz,114,2019-03-16,1043
1044,Lakers,123,Knicks,124,2019-03-17,1044
1045,Hornets,75,Heat,93,2019-03-17,1045
1046,76ers,130,Bucks,125,2019-03-17,1046
1047,Raptors,107,Pistons,110,2019-03-17,1047
1048,Hawks,91,Magic,101,2019-03-17,1048
1049,Bulls,102,Kings,129,2019-03-17,1049
1050,Timberwolves,102,Rockets,117,2019-03-17,1050
1051,Nets,116,Clippers,119,2019-03-17,1051
1052,Pistons,119,Cavaliers,126,2019-03-18,1052
1053,Jazz,116,Wizards,95,2019-03-18,1053
1054,Nuggets,114,Celtics,105,2019-03-18,1054
1055,Knicks,92,Raptors,128,2019-03-18,1055
1056,Heat,116,Thunder,107,2019-03-18,1056
1057,Warriors,105,Spurs,111,2019-03-18,1057
1058,Pelicans,129,Mavericks,125,2019-03-18,1058
1059,Bulls,116,Suns,101,2019-03-18,1059
1060,Pacers,98,Trail Blazers,106,2019-03-18,1060
1061,76ers,118,Hornets,114,2019-03-19,1061
1062,Rockets,121,Hawks,105,2019-03-19,1062
1063,Lakers,101,Bucks,115,2019-03-19,1063
1064,Warriors,117,Timberwolves,107,2019-03-19,1064
1065,Nets,123,Kings,121,2019-03-19,1065
1066,Pacers,109,Clippers,115,2019-03-19,1066
1067,Bucks,102,Cavaliers,107,2019-03-20,1067
1068,Pelicans,96,Magic,119,2019-03-20,1068
1069,Celtics,115,76ers,118,2019-03-20,1069
1070,Jazz,137,Knicks,116,2019-03-20,1070
1071,Wizards,120,Bulls,126,2019-03-20,1071
1072,Rockets,125,Grizzlies,126,2019-03-20,1072
1073,Heat,110,Spurs,105,2019-03-20,1073
1074,Raptors,123,Thunder,114,2019-03-20,1074
1075,Mavericks,118,Trail Blazers,126,2019-03-20,1075
1076,Timberwolves,106,Hornets,113,2019-03-21,1076
1077,Nuggets,113,Wizards,108,2019-03-21,1077
1078,Jazz,114,Hawks,117,2019-03-21,1078
1079,Pistons,118,Suns,98,2019-03-21,1079
1080,Mavericks,100,Kings,116,2019-03-21,1080
1081,Pacers,89,Warriors,112,2019-03-21,1081
1082,Grizzlies,119,Magic,123,2019-03-22,1082
1083,Clippers,110,Cavaliers,108,2019-03-22,1083
1084,Nuggets,111,Knicks,93,2019-03-22,1084
1085,Thunder,116,Raptors,109,2019-03-22,1085
1086,Spurs,105,Rockets,111,2019-03-22,1086
1087,Heat,87,Bucks,116,2019-03-22,1087
1088,Nets,111,Lakers,106,2019-03-22,1088
1089,Celtics,117,Hornets,124,2019-03-23,1089
1090,Heat,113,Wizards,108,2019-03-23,1090
1091,76ers,127,Hawks,129,2019-03-23,1091
1092,Jazz,114,Bulls,83,2019-03-23,1092
1093,Timberwolves,112,Grizzlies,99,2019-03-23,1093
1094,Mavericks,126,Warriors,91,2019-03-23,1094
1095,Pistons,112,Trail Blazers,117,2019-03-23,1095
1096,Suns,103,Kings,112,2019-03-23,1096
1097,Clippers,124,Knicks,113,2019-03-24,1097
1098,Cavaliers,105,Bucks,127,2019-03-24,1098
1099,Nuggets,88,Pacers,124,2019-03-24,1099
1100,Hornets,115,Raptors,114,2019-03-24,1100
1101,Rockets,113,Pelicans,90,2019-03-24,1101
1102,Spurs,115,Celtics,96,2019-03-24,1102
1103,Pistons,114,Warriors,121,2019-03-24,1103
1104,Kings,106,Lakers,111,2019-03-24,1104
1105,76ers,98,Magic,119,2019-03-25,1105
1106,Thunder,103,Grizzlies,115,2019-03-25,1106
1107,Suns,92,Jazz,125,2019-03-25,1107
1108,Nets,144,Trail Blazers,148,2019-03-25,1108
1109,Spurs,116,Hornets,125,2019-03-26,1109
1110,Celtics,116,Cavaliers,106,2019-03-26,1110
1111,Magic,104,Heat,99,2019-03-26,1111
1112,Bulls,103,Raptors,112,2019-03-26,1112
1113,Rockets,94,Bucks,108,2019-03-26,1113
1114,Clippers,122,Timberwolves,111,2019-03-26,1114
1115,Hawks,130,Pelicans,120,2019-03-26,1115
1116,Kings,125,Mavericks,121,2019-03-26,1116
1117,Pistons,92,Nuggets,95,2019-03-26,1117
1118,Wizards,106,Lakers,124,2019-03-26,1118
1119,Trail Blazers,118,Bulls,98,2019-03-27,1119
1120,Warriors,118,Grizzlies,103,2019-03-27,1120
1121,Pacers,99,Thunder,107,2019-03-27,1121
1122,Wizards,124,Suns,121,2019-03-27,1122
1123,Lakers,100,Jazz,115,2019-03-27,1123
1124,Magic,98,Pistons,115,2019-03-28,1124
1125,Nets,110,76ers,123,2019-03-28,1125
1126,Mavericks,99,Heat,105,2019-03-28,1126
1127,Raptors,117,Knicks,92,2019-03-28,1127
1128,Nuggets,85,Rockets,112,2019-03-28,1128
1129,Clippers,118,Bucks,128,2019-03-28,1129
1130,Kings,118,Pelicans,121,2019-03-28,1130
1131,Cavaliers,110,Spurs,116,2019-03-28,1131
1132,Pacers,112,Celtics,114,2019-03-29,1132
1133,Trail Blazers,118,Hawks,98,2019-03-29,1133
1134,Warriors,130,Timberwolves,131,2019-03-29,1134
1135,Nuggets,115,Thunder,105,2019-03-29,1135
1136,Wizards,124,Jazz,128,2019-03-29,1136
1137,Hornets,115,Lakers,129,2019-03-29,1137
1138,Cavaliers,108,Clippers,132,2019-03-30,1138
1139,Celtics,96,Nets,110,2019-03-30,1139
1140,Kings,108,Rockets,119,2019-03-30,1140
1141,Trail Blazers,90,Pistons,99,2019-03-30,1141
1142,Magic,121,Pacers,116,2019-03-30,1142
1143,Heat,100,Knicks,92,2019-03-30,1143
1144,Raptors,124,Bulls,101,2019-03-30,1144
1145,76ers,118,Timberwolves,109,2019-03-30,1145
1146,Grizzlies,120,Suns,115,2019-03-30,1146
1147,Bucks,135,Hawks,136,2019-03-31,1147
1148,Mavericks,106,Thunder,103,2019-03-31,1148
1149,Lakers,130,Pelicans,102,2019-03-31,1149
1150,Kings,113,Spurs,106,2019-03-31,1150
1151,Wizards,95,Nuggets,90,2019-03-31,1151
1152,Hornets,90,Warriors,137,2019-03-31,1152
1153,Grizzlies,96,Clippers,113,2019-03-31,1153
1154,Pistons,102,Pacers,111,2019-04-01,1154
1155,Heat,105,Celtics,110,2019-04-01,1155
1156,Bucks,131,Nets,121,2019-04-01,1156
1157,Bulls,105,Knicks,113,2019-04-01,1157
1158,Magic,109,Raptors,121,2019-04-01,1158
1159,Trail Blazers,132,Timberwolves,122,2019-04-01,1159
1160,76ers,102,Mavericks,122,2019-04-01,1160
1161,Hornets,102,Jazz,111,2019-04-01,1161
1162,Cavaliers,113,Suns,122,2019-04-01,1162
1163,Lakers,103,Thunder,119,2019-04-02,1163
1164,Hawks,111,Spurs,117,2019-04-02,1164
1165,Rockets,130,Kings,105,2019-04-02,1165
1166,Nuggets,102,Warriors,116,2019-04-02,1166
1167,Pacers,108,Pistons,89,2019-04-03,1167
1168,Knicks,100,Magic,114,2019-04-03,1168
1169,Bulls,115,Wizards,114,2019-04-03,1169
1170,76ers,122,Hawks,130,2019-04-03,1170
1171,Raptors,115,Nets,105,2019-04-03,1171
1172,Celtics,112,Heat,102,2019-04-03,1172
1173,Hornets,115,Pelicans,109,2019-04-03,1173
1174,Timberwolves,110,Mavericks,108,2019-04-03,1174
1175,Spurs,85,Nuggets,113,2019-04-03,1175
1176,Jazz,118,Suns,97,2019-04-03,1176
1177,Grizzlies,89,Trail Blazers,116,2019-04-03,1177
1178,Rockets,135,Clippers,103,2019-04-03,1178
1179,Bucks,128,76ers,122,2019-04-04,1179
1180,Cavaliers,104,Kings,117,2019-04-04,1180
1181,Warriors,108,Lakers,90,2019-04-04,1181
1182,Raptors,111,Hornets,113,2019-04-05,1182
1183,Hawks,113,Magic,149,2019-04-05,1183
1184,Spurs,129,Wizards,112,2019-04-05,1184
1185,Celtics,117,Pacers,97,2019-04-05,1185
1186,Knicks,96,Rockets,120,2019-04-05,1186
1187,Heat,109,Timberwolves,111,2019-04-05,1187
1188,Pistons,110,Thunder,123,2019-04-05,1188
1189,Grizzlies,122,Mavericks,112,2019-04-05,1189
1190,Kings,98,Jazz,119,2019-04-05,1190
1191,Pelicans,126,Suns,133,2019-04-05,1191
1192,Trail Blazers,110,Nuggets,119,2019-04-05,1192
1193,Cavaliers,114,Warriors,120,2019-04-05,1193
1194,Lakers,122,Clippers,117,2019-04-05,1194
1195,Nets,133,Bucks,128,2019-04-06,1195
1196,76ers,116,Bulls,96,2019-04-06,1196
1197,Heat,109,Raptors,117,2019-04-07,1197
1198,Spurs,112,Cavaliers,90,2019-04-07,1198
1199,Thunder,132,Timberwolves,126,2019-04-07,1199
1200,Hornets,104,Pistons,91,2019-04-07,1200
1201,Nets,108,Pacers,96,2019-04-07,1201
1202,Mavericks,129,Grizzlies,127,2019-04-07,1202
1203,Suns,113,Rockets,149,2019-04-07,1203
1204,Hawks,107,Bucks,115,2019-04-07,1204
1205,Magic,116,Celtics,108,2019-04-07,1205
1206,Wizards,110,Knicks,113,2019-04-07,1206
1207,Clippers,104,Warriors,131,2019-04-07,1207
1208,Nuggets,108,Trail Blazers,115,2019-04-07,1208
1209,Pelicans,133,Kings,129,2019-04-07,1209
1210,Jazz,109,Lakers,113,2019-04-07,1210
1211,Hornets,124,Cavaliers,97,2019-04-09,1211
1212,Grizzlies,93,Pistons,100,2019-04-09,1212
1213,Celtics,116,Wizards,110,2019-04-09,1213
1214,76ers,99,Heat,122,2019-04-09,1214
1215,Knicks,96,Bulls,86,2019-04-09,1215
1216,Raptors,120,Timberwolves,100,2019-04-09,1216
1217,Warriors,112,Pelicans,103,2019-04-09,1217
1218,Suns,109,Mavericks,120,2019-04-09,1218
1219,Nuggets,108,Jazz,118,2019-04-09,1219
1220,Rockets,111,Thunder,112,2019-04-09,1220
1221,Trail Blazers,104,Lakers,101,2019-04-09,1221
1222,Pacers,135,Hawks,134,2019-04-10,1222
1223,Heat,94,Nets,113,2019-04-10,1223
1224,Magic,122,Hornets,114,2019-04-10,1224
1225,Pistons,115,Knicks,89,2019-04-10,1225
1226,Bulls,109,76ers,125,2019-04-10,1226
1227,Warriors,117,Grizzlies,132,2019-04-10,1227
1228,Thunder,127,Bucks,116,2019-04-10,1228
1229,Mavericks,94,Spurs,105,2019-04-10,1229
1230,Timberwolves,95,Nuggets,99,2019-04-10,1230
1231,Jazz,137,Clippers,143,2019-04-10,1231
1232,Kings,131,Trail Blazers,136,2019-04-10,1232
1233,Nets,111,76ers,102,2019-04-13,1233
1234,Magic,104,Raptors,101,2019-04-13,1234
1235,Clippers,104,Warriors,121,2019-04-13,1235
1236,Spurs,101,Nuggets,96,2019-04-13,1236
